id,customer_code,name,address_line1,address_line2,address_line3,address_line4,postcode,phone_number,country_code,category,currency,pod_on_portal,invoice_on_portal,handheld_status_on_portal,eta_status_on_portal,general_status_on_portal,status,vat_number,payment_terms,created_at,updated_at,is_deleted
3,AMM001,A&M MARQUEES/EVENTS LTD,13 THORNEYHOLME DRIVE,KNUTSFORD,Knutsford,Cheshire,WA16 8BT,1565633977,GBR,GEN,GBP,true,false,true,true,true,Active,,14,2025-10-09T07:39:35.978Z,2025-10-09T07:39:35.978Z,false
4,ABF001,AB FEEDS LTD,UNIT J1D MAYNOOTH BUSINESS CAMPUS,.,MAYNOOTH,CO KILDARE,KILD,35315054515,GBR,GEN,GBP,true,false,true,true,true,Active,,14,2025-10-09T07:39:35.978Z,2025-10-09T07:39:35.978Z,false
5,ABP001,AB Powder Products,"Unit 3, Digital Court",Waymills Industrial Estate,Whitchurch,Shropshire,SY13 1TT,,GBR,GEN,GBP,true,false,true,true,true,Active,,14,2025-10-09T07:39:35.978Z,2025-10-09T07:39:35.978Z,false
6,ATY001,ABCO TYRES LTD,UNIT 1,PLATFORM COMMERCIAL PARK,BERT SMITH WAY,MARKET DRAYTON,TF9 3GY,01630 817445,GBR,GEN,GBP,true,false,true,true,true,Active,,14,2025-10-09T07:39:35.978Z,2025-10-09T07:39:35.978Z,false
7,AFB001,AFB FARM SUPPLIES,UNIT 23,SHEERAN INDUSTRIAL ESTATE,Middlewich,Cheshire,CW10 0LH,01606 836464,GBR,GEN,GBP,true,false,true,true,true,Active,,14,2025-10-09T07:39:35.978Z,2025-10-09T07:39:35.978Z,false
8,ALL004,ALL TYPE ROOFING SUPPLIES LTD,5 RIPON ROAD,PLUMSTEAD,London,Greater London,SE18 3PS,0208 316 8150,GBR,GEN,GBP,true,false,true,true,true,Active,,14,2025-10-09T07:39:35.978Z,2025-10-09T07:39:35.978Z,false
9,ARN001,ARNDALE TRANSPORT LTD,200 CHESTER ROAD,HELSBY,Frodsham,Cheshire,WA6 0AP,01928 739474,GBR,GEN,GBP,true,false,true,true,true,Active,,14,2025-10-09T07:39:35.978Z,2025-10-09T07:39:35.978Z,false
10,ARR003,ARROW SELF DRIVE LTD,198 BASINGSTOKE ROAD,READING,Reading,Berkshire,RG2 0XA,07769 686666,GBR,GEN,GBP,true,false,true,true,true,Active,,14,2025-10-09T07:39:35.978Z,2025-10-09T07:39:35.978Z,false
11,ART001,ARTO CHEMICALS LTD,ARTO HOUSE,LONDON ROAD,Bracknell,Berkshire,RG42 4BU,01344 860737,GBR,GEN,GBP,true,false,true,true,true,Active,,14,2025-10-09T07:39:35.978Z,2025-10-09T07:39:35.978Z,false
12,ATE001,ATEC Enterprises Ltd,98 Old Eglish Road,Dungannon,Dungannon,County Tyrone,BT71 7RQ,,GBR,GEN,GBP,true,false,true,true,true,Active,,14,2025-10-09T07:39:35.978Z,2025-10-09T07:39:35.978Z,false
13,BAM001,BAM NUTTALL LTD,UNIT 9 ROAD THREE INDUSTRIAL EST,WINSFORD,Winsford,Cheshire,CW7 3PD,01606 867123,GBR,GEN,GBP,true,false,true,true,true,Active,,14,2025-10-09T07:39:35.978Z,2025-10-09T07:39:35.978Z,false
14,BAR003,BARRON WOOD DISTRIBUTION LTD,BROOK LANE,MUCH HOOLE,Preston,Lancashire,PR4 5JB,01772 610160,GBR,GEN,GBP,true,false,true,true,true,Active,,14,2025-10-09T07:39:35.978Z,2025-10-09T07:39:35.978Z,false
15,BAT001,BATHERTON SERVICES LTD,STAPELEY HOUSE,LONDON ROAD,Nantwich,Cheshire,CW5 7JW,01270 660429,GBR,GEN,GBP,true,false,true,true,true,Active,,14,2025-10-09T07:39:35.978Z,2025-10-09T07:39:35.978Z,false
16,BLA002,BLAKELEY LTD T/A TEC HUT LTD,UNIT 1 INNOVATION HOUSE,BROWNING WAY,Winsford,Cheshire,CW7 2RH,0330 124 4716,GBR,GEN,GBP,true,false,true,true,true,Active,,14,2025-10-09T07:39:35.978Z,2025-10-09T07:39:35.978Z,false
17,BLU001,BLUE CHIP TECHNOLOGY LTD,CHOWLEY OAK,CHESTER,Chester,Cheshire,CH3 9EX,01829 772000,GBR,GEN,GBP,true,false,true,true,true,Active,,14,2025-10-09T07:39:35.978Z,2025-10-09T07:39:35.978Z,false
18,BOU001,BOUGHEY DISTRIBUTION LTD,WARDLE,NANTWICH,Nantwich,Cheshire,CW5 6RS,,GBR,GEN,GBP,true,false,true,true,true,Active,,14,2025-10-09T07:39:35.978Z,2025-10-09T07:39:35.978Z,false
19,BOUSAP,BOUGHEY DISTRIBUTION LTD SAP,WARDLE,,NANTWICH,,CW5 6RS,,GBR,GEN,GBP,true,false,true,true,true,Active,,14,2025-10-09T07:39:35.978Z,2025-10-09T07:39:35.978Z,false
20,BOW001,BOWLAND TRADERS LTD,WESTFIELD,BUCK ROAD,Wrexham,Wrexham,LL13 9TF,1978802462,GBR,GEN,GBP,true,false,true,true,true,Active,,14,2025-10-09T07:39:35.978Z,2025-10-09T07:39:35.978Z,false
21,BTC001,BREW TEA COMPANY,TEA HQ,8 PREMIER PARK,Manchester,Greater Manchester,M17 1GA,08433 092166,GBR,GEN,GBP,true,false,true,true,true,Active,,14,2025-10-09T07:39:35.978Z,2025-10-09T07:39:35.978Z,false
22,BRO006,BROOKSIDE PET FOOD LTD,CHURCH LANE,BETLEY,Crewe,Staffordshire,CW3 9AY,,GBR,GEN,GBP,true,false,true,true,true,Active,,14,2025-10-09T07:39:35.978Z,2025-10-09T07:39:35.978Z,false
23,BUI003,Buitelaar Foods Ltd (Caravel Foods),Pilsworth,Castledermot,.,.,R14 X899,3.54E+11,GBR,GEN,GBP,true,false,true,true,true,Active,,14,2025-10-09T07:39:35.978Z,2025-10-09T07:39:35.978Z,false
24,BUI002,Buitelaar Production UK Ltd,High Grove Warehouse,Old Llwyn Onn Farm,Wrexham,Wrexham,LL13 0NY,01244 579400,GBR,GEN,GBP,true,false,true,true,true,Active,,14,2025-10-09T07:39:35.978Z,2025-10-09T07:39:35.978Z,false
25,CAS001,CASH SALES ACCOUNT,BOUGHEY DISTRIBUTION,.,Nantwich,Cheshire,CW5 6RS,,GBR,GEN,GBP,true,false,true,true,true,Active,,14,2025-10-09T07:39:35.978Z,2025-10-09T07:39:35.978Z,false
26,CHE004,CHEMSURE ADHESIVES LTD,THE OLD POST OFFICE,OFF LONG LANE,Winsford,Cheshire,CW7 4DN,01270 528069,GBR,GEN,GBP,true,false,true,true,true,Active,,14,2025-10-09T07:39:35.978Z,2025-10-09T07:39:35.978Z,false
27,CRO001,CROSTON ENGINEERING,TARVIN MILL,BARROW LANE,Chester,Cheshire,CH3 8JF,01829 741119,GBR,GEN,GBP,true,false,true,true,true,Active,,14,2025-10-09T07:39:35.978Z,2025-10-09T07:39:35.978Z,false
28,CAR004,Caravel Foods (UK) Ltd,20 Exhibition House,Addison Bridge,London,Greater London,W14 8XP,7300788289,GBR,GEN,GBP,true,false,true,true,true,Active,,14,2025-10-09T07:39:35.978Z,2025-10-09T07:39:35.978Z,false
29,CIT002,City Harvest,Unit 8 Acton Park Industrial Est,Acton,London,Greater London,W3 7QE,0207 041 8491,GBR,GEN,GBP,true,false,true,true,true,Active,,14,2025-10-09T07:39:35.978Z,2025-10-09T07:39:35.978Z,false
30,COO003,Cool Designs Ltd,South Shore Road,Gateshead,Gateshead,Tyne and Wear,NE8 3AE,01925 820000,GBR,GEN,GBP,true,false,true,true,true,Active,,14,2025-10-09T07:39:35.978Z,2025-10-09T07:39:35.978Z,false
1,,Customer A,,,,,,,,,,false,false,false,false,false,active,,14,2025-10-09T06:45:26.418Z,2025-10-09T06:45:26.418Z,false
2,,Customer B,,,,,,,,,,false,false,false,false,false,active,,14,2025-10-09T06:45:26.418Z,2025-10-09T06:45:26.418Z,false
31,DJF001,D + J FACTORING,UNIT B,BEAVER CENTRE,Northwich,Cheshire,CW9 8AU,01606 330920,GBR,GEN,GBP,true,false,true,true,true,Active,,14,2025-10-09T07:39:35.978Z,2025-10-09T07:39:35.978Z,false
32,DWL001,D WISE LTD,PARKFIELD,NUMANS HEATH,Malpas,Cheshire,SY14 8DY,01948 820418,GBR,GEN,GBP,true,false,true,true,true,Active,,14,2025-10-09T07:39:35.978Z,2025-10-09T07:39:35.978Z,false
33,DEN001,DENOVO SALES SOLUTIONS LTD,HARBOROUGH INNOVATION CENTRE,LECIESTER ROAD,Market Harborough,Leicestershire,LE16 7WB,01858 414311,GBR,GEN,GBP,true,false,true,true,true,Active,,14,2025-10-09T07:39:35.978Z,2025-10-09T07:39:35.978Z,false
34,DRA001,DRAGON PACKAGING LTD,KINGSWOOD PARK,BONSOR DRIVE,Tadworth,Surrey,KT20 6AY,01737 362777,GBR,GEN,GBP,true,false,true,true,true,Active,,14,2025-10-09T07:39:35.978Z,2025-10-09T07:39:35.978Z,false
35,DUN001,Dundeis (UK) Ltd,Genesis Centre,Suite F12 and F13,Stoke on Trent,Staffordshire,ST6 4BF,01782 366727,GBR,GEN,GBP,true,false,true,true,true,Active,,14,2025-10-09T07:39:35.978Z,2025-10-09T07:39:35.978Z,false
36,EKO001,EKOFROST SP. Z.O.O.,UL JANA PAWLA II NR 23,.,NOWY SACZ,,33-300,,POL,GEN,GBP,true,false,true,true,true,Active,,14,2025-10-09T07:39:35.978Z,2025-10-09T07:39:35.978Z,false
37,EUR001,EURO PACKAGING UK LTD,20 BRICKFIELD ROAD,YARDLEY,Birmingham,West Midlands,B25 8HE,01695 589056,GBR,GEN,GBP,true,false,true,true,true,Active,,14,2025-10-09T07:39:35.978Z,2025-10-09T07:39:35.978Z,false
38,EXP002,EXPERT LOGISTICS LTD,5A THE PARKLANDS,LOSTOCK,Bolton,Lancashire,BL6 4SD,01204 672428,GBR,GEN,GBP,true,false,true,true,true,Active,,14,2025-10-09T07:39:35.978Z,2025-10-09T07:39:35.978Z,false
39,FLO003,FLOORSOL LTD,5 MEADOW LANE,HUNTINGTON,Chester,Cheshire,CH3 6DQ,01829 771000,GBR,GEN,GBP,true,false,true,true,true,Active,,14,2025-10-09T07:39:35.978Z,2025-10-09T07:39:35.978Z,false
40,FLP001,FLP SOLUTIONS LTD,UNITS 3-5 VALLEY COURT,SANDERSON WAY,Middlewich,Cheshire,CW10 0GF,,GBR,GEN,GBP,true,false,true,true,true,Active,,14,2025-10-09T07:39:35.978Z,2025-10-09T07:39:35.978Z,false
41,FRA002,FRANK OLSEN FURNITURE,PARK VIEW BUSINESS CENTRE,COMBERMERE,Whitchurch,Cheshire,SY13 4AL,0800 6895054,GBR,GEN,GBP,true,false,true,true,true,Active,,14,2025-10-09T07:39:35.978Z,2025-10-09T07:39:35.978Z,false
42,FLO004,Floor Land Ltd,Floor Land,UNIT 18,WHARF INDUSTRIAL ESTATE,WARRINGTON,WA1 2HT,01925 354554,GBR,GEN,GBP,true,false,true,true,true,Active,,14,2025-10-09T07:39:35.978Z,2025-10-09T07:39:35.978Z,false
43,RIC004,G RICHARDSON AGRI LID,WOODSIDE FARM,DAVENPORT LANE,Sandbach,Cheshire,CW11 2SP,01477 500783,GBR,GEN,GBP,true,false,true,true,true,Active,,14,2025-10-09T07:39:35.978Z,2025-10-09T07:39:35.978Z,false
44,GAM001,GAMESEEK LTD,UNIT 16 PREMIER PARK,ROAD ONE,Winsford,Cheshire,CW7 3PH,01606 226460,GBR,GEN,GBP,true,false,true,true,true,Active,,14,2025-10-09T07:39:35.978Z,2025-10-09T07:39:35.978Z,false
45,GDK001,GDK Veneering Ltd,34 Davenport Avenue,Crewe,Crewe,Cheshire,CW2 6LG,07984 495373,GBR,GEN,GBP,true,false,true,true,true,Active,,14,2025-10-09T07:39:35.978Z,2025-10-09T07:39:35.978Z,false
46,GEM001,GEMCOM LTD,68 PORTLAND ROAD,.,London,Greater London,W1W 7NG,2075808004,GBR,GEN,GBP,true,false,true,true,true,Active,,14,2025-10-09T07:39:35.978Z,2025-10-09T07:39:35.978Z,false
47,GFP001,GLOBAL FOODS & PROVISIONS LTD,UNIT 2 TABLEY COURT,MOSS LANE,Knutsford,Cheshire,WA16 0PL,0161 6603380,GBR,GEN,GBP,true,false,true,true,true,Active,,14,2025-10-09T07:39:35.978Z,2025-10-09T07:39:35.978Z,false
48,GRA001,GRAHAM DAVIES,HIGHER FARM,BOWLING BANK,Wrexham,Wrexham,LL13 9RY,07970 410490,GBR,GEN,GBP,true,false,true,true,true,Active,,14,2025-10-09T07:39:35.978Z,2025-10-09T07:39:35.978Z,false
49,GRE010,GREEN RAGE T/A WAREHOUSE AQUATICS,UNIT 2 KING STREET TRADING EST,WINSFORD,Middlewich,Cheshire,CW10 9LF,0330 057 0892,GBR,GEN,GBP,true,false,true,true,true,Active,,14,2025-10-09T07:39:35.978Z,2025-10-09T07:39:35.978Z,false
50,GEN006,Genesys International Ltd,3A Aston Way,Middlewich,Middlewich,Cheshire,CW10 0HS,1606837605,GBR,GEN,GBP,true,false,true,true,true,Active,,14,2025-10-09T07:39:35.978Z,2025-10-09T07:39:35.978Z,false
51,GUS001,Gus Logistics Ltd,Cross Banks Farm,Stoke Hall Lane,Nantwich,Cheshire,CW5 6AR,07540 484050,GBR,GEN,GBP,true,false,true,true,true,Active,,14,2025-10-09T07:39:35.978Z,2025-10-09T07:39:35.978Z,false
52,HJF001,HAYWOOD AND JACKSON FABRICATIONS,DENTON DRIVE,NORTHWICH,Northwich,Cheshire,CW9 7LU,,GBR,GEN,GBP,true,false,true,true,true,Active,,14,2025-10-09T07:39:35.978Z,2025-10-09T07:39:35.978Z,false
53,HCL001,HEAMAR COMPANY LTD,1 FOUNDRY BANK,.,Congleton,Cheshire,CW12 1EE,01260 397500,GBR,GEN,GBP,true,false,true,true,true,Active,,14,2025-10-09T07:39:35.978Z,2025-10-09T07:39:35.978Z,false
54,HIG001,HIGHSPEK TECH LTD,UNIT 4 ALDERLEY BUSINESS CENTRE,ALDERLEY ROAD,Macclesfield,Cheshire,SK11 9AP,01625 800651,GBR,GEN,GBP,true,false,true,true,true,Active,,14,2025-10-09T07:39:35.978Z,2025-10-09T07:39:35.978Z,false
55,HOO001,HOOFTRIMMING LTD,UNIT 6 TOWN HOUSE FARM,CLOTTON,Tarporley,Cheshire,CW6 0EG,01829 781476,GBR,GEN,GBP,true,false,true,true,true,Active,,14,2025-10-09T07:39:35.978Z,2025-10-09T07:39:35.978Z,false
56,HTS001,HOOKLIFT TRAILER SOLUTIONS LTD,9 PRITCHARD DRIVE,DAVENHAM,Northwich,Cheshire,CW9 8HL,7881292699,GBR,GEN,GBP,true,false,true,true,true,Active,,14,2025-10-09T07:39:35.978Z,2025-10-09T07:39:35.978Z,false
57,HRH001,HRH International Exports Ltd,Unit 1 Seafire Business Park,Seafire Way,Ormskirk,Lancashire,L40 8AH,1513759119,GBR,GEN,GBP,true,false,true,true,true,Active,,14,2025-10-09T07:39:35.978Z,2025-10-09T07:39:35.978Z,false
58,HOT001,Hot Pottery,7 Appleby Court,Adenmore Road,London,Greater London,SE6 4EJ,,GBR,GEN,GBP,true,false,true,true,true,Active,,14,2025-10-09T07:39:35.978Z,2025-10-09T07:39:35.978Z,false
59,GAL001,Iconic Slate Ltd T/A Galex,9 Regents Park,129 London Road,Nantwich,Cheshire,CW5 6LW,01270 483763,GBR,GEN,GBP,true,false,true,true,true,Active,,14,2025-10-09T07:39:35.978Z,2025-10-09T07:39:35.978Z,false
60,JOH003,JOHNSONS MOVING SERVICES LTD,7 BRUNEL COURT,RUDHEATH WAY,Northwich,Cheshire,CW9 7LP,0800 279 2505,GBR,GEN,GBP,true,false,true,true,true,Active,,14,2025-10-09T07:39:35.978Z,2025-10-09T07:39:35.978Z,false
61,JUS001,JUST SUPPLEMENTS,CROSSROAD COTTAGE,2 CROSS LANES,Nantwich,Cheshire,CW5 6AE,07968 287708,GBR,GEN,GBP,true,false,true,true,true,Active,,14,2025-10-09T07:39:35.978Z,2025-10-09T07:39:35.978Z,false
62,KAN001,KANGA COURIERS,3 MAGPIE CLOSE,.,Harwich,Essex,CO12 4WG,01255 242425,GBR,GEN,GBP,true,false,true,true,true,Active,,14,2025-10-09T07:39:35.978Z,2025-10-09T07:39:35.978Z,false
63,LIF002,LIFESTYLE ARTS AND CRAFTS LTD,UNIT 10 GATE FARM RURAL ENT PARK,WETTENHALL ROAD,Nantwich,Cheshire,CW5 6AL,01606 301500,GBR,GEN,GBP,true,false,true,true,true,Active,,14,2025-10-09T07:39:35.978Z,2025-10-09T07:39:35.978Z,false
64,LIV001,LIVESTOCK SUPPLIES LTD,BEESTON GATE FARM,BEESTON,Tarporley,Cheshire,CW6 9NN,01829 260328,GBR,GEN,GBP,true,false,true,true,true,Active,,14,2025-10-09T07:39:35.978Z,2025-10-09T07:39:35.978Z,false
65,LVP001,LV Power Solutions Ltd,Unit 12A,Oasis Business Park,Winsford,Cheshire,CW7 3RY,,GBR,GEN,GBP,true,false,true,true,true,Active,,14,2025-10-09T07:39:35.978Z,2025-10-09T07:39:35.978Z,false
66,THO004,M J & M C Thomasson,Aston Lower Hall,Worleston,Nantwich,Cheshire,CW5 6DS,7733160928,GBR,GEN,GBP,true,false,true,true,true,Active,,14,2025-10-09T07:39:35.978Z,2025-10-09T07:39:35.978Z,false
67,MSU001,MAC STORE UK,30 WALL LANE,NANTWICH,Nantwich,Cheshire,CW5 5LS,02030049465	,GBR,GEN,GBP,true,false,true,true,true,Active,,14,2025-10-09T07:39:35.978Z,2025-10-09T07:39:35.978Z,false
68,MAG001,MAGFORMERS UK LTD,UNIT 4 ALVASTON BUSINESS PARK,MIDDLEWICH ROAD,Nantwich,Cheshire,CW5 6PF,01270 446250,GBR,GEN,GBP,true,false,true,true,true,Active,,14,2025-10-09T07:39:35.978Z,2025-10-09T07:39:35.978Z,false
69,MAP001,MAPLE LEAF DESIGNS,MAPLE LEAF HOUSE,CREWE ROAD,Sandbach,Cheshire,CW11 4RS,01270 253214,GBR,GEN,GBP,true,false,true,true,true,Active,,14,2025-10-09T07:39:35.978Z,2025-10-09T07:39:35.978Z,false
70,MED001,MEDALOGIX LTD,147 JOHN RUSKIN STREET,.,London,Greater London,SE5 0PQ,7956337366,GBR,GEN,GBP,true,false,true,true,true,Active,,14,2025-10-09T07:39:35.978Z,2025-10-09T07:39:35.978Z,false
71,MER001,MERGE GAMES LTD,BEXTON RISE,BEXTON LANE,Knutsford,Cheshire,WA16 9AB,7555923154,GBR,GEN,GBP,true,false,true,true,true,Active,,14,2025-10-09T07:39:35.978Z,2025-10-09T07:39:35.978Z,false
72,MCL001,MICKLEY CORPORATION LTD,MICKLEY HALL,BROOMHALL,Nantwich,Cheshire,CW5 8AJ,0800 7720058,GBR,GEN,GBP,true,false,true,true,true,Active,,14,2025-10-09T07:39:35.978Z,2025-10-09T07:39:35.978Z,false
73,MIN001,MINSTER INSULATION,SAINT-GOBAIN HOUSE,BINLEY BUSINESS PARK,Coventry,West Midlands,CV3 2TT,01606 863888,GBR,GEN,GBP,true,false,true,true,true,Active,,14,2025-10-09T07:39:35.978Z,2025-10-09T07:39:35.978Z,false
74,MIT001,MITA LOGISTICS LTD,PWLL MAWR,THE VILLAGE,Holywell,Flintshire,CH8 9BZ,01978 660892,GBR,GEN,GBP,true,false,true,true,true,Active,,14,2025-10-09T07:39:35.978Z,2025-10-09T07:39:35.978Z,false
75,GRI001,Mr Kevin Grice,59 Marsh Lane,Nantwich,Nantwich,Cheshire,CW5 5HP,7966475254,GBR,GEN,GBP,true,false,true,true,true,Active,,14,2025-10-09T07:39:35.978Z,2025-10-09T07:39:35.978Z,false
76,NAT004,NATUREN LTD,UNIT 1 HILBRE BUSINESS PARK,CARR LANE,Wirral,Merseyside,CH47 4AZ,0151 329 0201,GBR,GEN,GBP,true,false,true,true,true,Active,,14,2025-10-09T07:39:35.978Z,2025-10-09T07:39:35.978Z,false
77,NEO002,NEON FREIGHT,2 THE OLD SHIPPON,SANDLOW GREEN FARM,Crewe,Cheshire,CW4 8AS,01477 668003,GBR,GEN,GBP,true,false,true,true,true,Active,,14,2025-10-09T07:39:35.978Z,2025-10-09T07:39:35.978Z,false
78,NET001,NETFLOOR SYSTEMS LTD,THE ATCOST BUILDING,NEW RUSSIA HALL,Chester,Cheshire,CH3 9AH,07713 120190,GBR,GEN,GBP,true,false,true,true,true,Active,,14,2025-10-09T07:39:35.978Z,2025-10-09T07:39:35.978Z,false
79,NWF003,NWF AGRICULTURE LTD,.,.,Nantwich,Cheshire,CW5 6AQ,01829 262263,GBR,GEN,GBP,true,false,true,true,true,Active,,14,2025-10-09T07:39:35.978Z,2025-10-09T07:39:35.978Z,false
80,NER001,Nerudia Ltd,Wellington House,Physics Road,Liverpool,Lancashire,L24 9HP,1519098511,GBR,GEN,GBP,true,false,true,true,true,Active,,14,2025-10-09T07:39:35.978Z,2025-10-09T07:39:35.978Z,false
81,NEW006,New Leaf Products,74 Brent Street,Hendon,London,Greater London,NW4 2ES,7956318531,GBR,GEN,GBP,true,false,true,true,true,Active,,14,2025-10-09T07:39:35.978Z,2025-10-09T07:39:35.978Z,false
82,PLNCB01,PALLETLINE CENTRAL BILLING,.,Starley Way,Birmingham,West Midlands,B37 7HB,,GBR,DEP,GBP,true,false,true,true,true,Active,,14,2025-10-09T07:39:35.978Z,2025-10-09T07:39:35.978Z,false
83,PAR001,PARAGON FREIGHT MANAGEMENT LTD,PARAGON HOUSE,BOTHWELL BRIDGE BUSINESS PARK,Hamilton,South Lanarkshire,ML3 0FD,01698 368686,GBR,GEN,GBP,true,false,true,true,true,Active,,14,2025-10-09T07:39:35.978Z,2025-10-09T07:39:35.978Z,false
84,PCO001,PCO GROUP UK LTD,UNIT 1B,SPITFIRE ROAD,Nantwich,Cheshire,CW5 6HT,01270 781188,GBR,GEN,GBP,true,false,true,true,true,Active,,14,2025-10-09T07:39:35.978Z,2025-10-09T07:39:35.978Z,false
85,PEN001,PENNINE DISTRIBUTION CENTRE LTD,QUEENSWAY,ROCHDALE,Rochdale,Lancashire,OL11 2NU,01706 351626,GBR,GEN,GBP,true,false,true,true,true,Active,,14,2025-10-09T07:39:35.978Z,2025-10-09T07:39:35.978Z,false
86,PLA001,PLASCHEM LTD,28 ABBOTSINCH ROAD,GRANGEMOUTH,Grangemouth,Falkirk,FK3 9UX,01786 462 647,GBR,GEN,GBP,true,false,true,true,true,Active,,14,2025-10-09T07:39:35.978Z,2025-10-09T07:39:35.978Z,false
87,PRO005,PROCESS DECONTAMINATION SYSTEMS LTD,UNIT 1 ALVASTON BUSINESS PARK,MIDDLEWICH ROAD,Nantwich,Cheshire,CW5 6PF,01270 664401,GBR,GEN,GBP,true,false,true,true,true,Active,,14,2025-10-09T07:39:35.978Z,2025-10-09T07:39:35.978Z,false
88,PYD001,PYD TRADING LTD,PO BOX 6090,.,Southend-On-Sea,Essex,SS1 9WN,0121 285 1886,GBR,GEN,GBP,true,false,true,true,true,Active,,14,2025-10-09T07:39:35.978Z,2025-10-09T07:39:35.978Z,false
89,QUA002,QUALITY FREIGHT SERVICES LTD,UNIT 1 PEEL HOUSE,TAUNTON STREET,Shipley,West Yorkshire,BD18 3NA,01274 580866,GBR,GEN,GBP,true,false,true,true,true,Active,,14,2025-10-09T07:39:35.978Z,2025-10-09T07:39:35.978Z,false
90,QUE001,QUELFIRE LTD,Spitfire Road,"Unit 4 Spitfire Rd, ",Nantwich,Cheshire,CW5 6HT,0161 928 7308,GBR,GEN,GBP,true,false,true,true,true,Active,,14,2025-10-09T07:39:35.978Z,2025-10-09T07:39:35.978Z,false
91,POL001,RAI POLYMERS UK LTD,Unit 7 Granary Wharf,Wetmore Road,Burton on Trent,Staffordshire,DE14 1DU,01283 517517,GBR,GEN,GBP,true,false,true,true,true,Active,,14,2025-10-09T07:39:35.978Z,2025-10-09T07:39:35.978Z,false
92,REC001,RECYCLING UK LTD,10 PORTAL BUSINESS PARK,EATON LANE,Tarporley,Cheshire,CW6 9DL,01829 732471,GBR,GEN,GBP,true,false,true,true,true,Active,,14,2025-10-09T07:39:35.978Z,2025-10-09T07:39:35.978Z,false
93,RES001,RESIN HANDLING SERVICES LTD,UNIT 3,WINCHAM INDUSTRIAL ESTATE,Northwich,Cheshire,CW9 6DF,01606 354384,GBR,GEN,GBP,true,false,true,true,true,Active,,14,2025-10-09T07:39:35.978Z,2025-10-09T07:39:35.978Z,false
94,KFF001,RICHARD FURNESS T/A K F FURNESS & PRTNRS,ARLEY MOSS FARM,ASTON BY BUDWORTH,Northwich,Cheshire,CW9 6LZ,7544080048,GBR,GEN,GBP,true,false,true,true,true,Active,,14,2025-10-09T07:39:35.978Z,2025-10-09T07:39:35.978Z,false
95,RMS001,RMS Freight Ltd,10 St Christophers Avenue,Ashton under Lyne,Ashton under Lyne,Greater Manchester,OL6 9DT,07845 071053,GBR,GEN,GBP,true,false,true,true,true,Active,,14,2025-10-09T07:39:35.978Z,2025-10-09T07:39:35.978Z,false
96,ROW001,ROWLINSON GARDEN PRODUCTS LTD,GROUP OFFICES,GREEN LANE,Nantwich,Cheshire,CW5 6BN,01829 261121,GBR,GEN,GBP,true,false,true,true,true,Active,,14,2025-10-09T07:39:35.978Z,2025-10-09T07:39:35.978Z,false
97,RTL001,RTL55 LTD,2 NEWTON PARK,NEWTON SOLNEY,Burton on Trent,Derbyshire,DE15 0SX,07713 415 888,GBR,GEN,GBP,true,false,true,true,true,Active,,14,2025-10-09T07:39:35.978Z,2025-10-09T07:39:35.978Z,false
98,SAF001,SAFE SOLUTIONS (SAFE4) LTD,BOSTOCK ROAD,WINSFORD,Winsford,Cheshire,CW7 3BD,01606 591900,GBR,GEN,GBP,true,false,true,true,true,Active,,14,2025-10-09T07:39:35.978Z,2025-10-09T07:39:35.978Z,false
99,SCH001,SCHOLASTIC LTD,WESTFIELD ROAD,.,Southam,Warwickshire,CV47 0RA,01926 819511,GBR,GEN,GBP,true,false,true,true,true,Active,,14,2025-10-09T07:39:35.978Z,2025-10-09T07:39:35.978Z,false
100,SEC001,SECONDTEK LTD,UNIT 3 ROAD ONE,WINSFORD IND ESTATE,Winsford,Cheshire,CW7 3PZ,01606 590502,GBR,GEN,GBP,true,false,true,true,true,Active,,14,2025-10-09T07:39:35.978Z,2025-10-09T07:39:35.978Z,false
101,SEC002,SECURE WEEE RECYCLING LTD,UNIT 1-3 COTTON FARM,MIDDLEWICH ROAD,Crewe,Cheshire,CW4 7ET,01477 531428,GBR,GEN,GBP,true,false,true,true,true,Active,,14,2025-10-09T07:39:35.978Z,2025-10-09T07:39:35.978Z,false
102,SHA002,SHADOW FOAM LTD,Unit 34-36 COSGROVE BUSINESS PARK,DAISY BANK LANE,Northwich,Cheshire,CW9 6FY,0808 168 2878,GBR,GEN,GBP,true,false,true,true,true,Active,,14,2025-10-09T07:39:35.978Z,2025-10-09T07:39:35.978Z,false
103,SSC001,SHROPSHIRE STREET CATS,BASSETT COTTAGE,JUG BANK,Market Drayton,Staffordshire,TF9 4NJ,07443 507526,GBR,GEN,GBP,true,false,true,true,true,Active,,14,2025-10-09T07:39:35.978Z,2025-10-09T07:39:35.978Z,false
104,SEM001,Sempergreen UK Ltd,125 Wood Street,London,London,Greater London,EC2V 7AW,31(0)343539699,GBR,GEN,GBP,true,false,true,true,true,Active,,14,2025-10-09T07:39:35.978Z,2025-10-09T07:39:35.978Z,false
105,TEST,TEST001,TEST,TEST,TEST,we,cw1 3lw,,GBR,GEN,GBP,false,false,false,false,false,Active,,14,2025-10-09T07:39:35.978Z,2025-10-09T07:39:35.978Z,false
106,HAM001,THE HAPPY HAMSTER COMPANY,UNIT 2A,KING STREET TRADING ESTATE,Middlewich,Cheshire,CW10 9LF,01477 532317,GBR,GEN,GBP,true,false,true,true,true,Active,,14,2025-10-09T07:39:35.978Z,2025-10-09T07:39:35.978Z,false
107,LAW001,THE LAWN STORE GARDEN PRODUCTS LTD,UNIT 7 WILTON BUSINESS CENTRE,WILTON,Salisbury,Wiltshire,SP2 0AH,01722 744681,GBR,GEN,GBP,true,false,true,true,true,Active,,14,2025-10-09T07:39:35.978Z,2025-10-09T07:39:35.978Z,false
108,REC003,THE RECLAIMED TIMBER BUSINESS,UNIT 2B IDDENSHALL HALL FARM,RODE STREET,Tarporley,Cheshire,CW6 0EG,07552 608444,GBR,GEN,GBP,true,false,true,true,true,Active,,14,2025-10-09T07:39:35.978Z,2025-10-09T07:39:35.978Z,false
109,TSS001,THE SHOPFITTING SHOP LTD,UNIT 4B,HOLMES CHAPEL BUSINESS PARK,Crewe,Cheshire,CW4 8AF,0161 4567955,GBR,GEN,GBP,true,false,true,true,true,Active,,14,2025-10-09T07:39:35.978Z,2025-10-09T07:39:35.978Z,false
110,TIP003,TIPI UNIQUE LTD,UNIT 5-6 WOODFORD COURT,WOODFORD PARK IND EST,Winsford,Cheshire,CW7 2RB,01606 246 125,GBR,GEN,GBP,true,false,true,true,true,Active,,14,2025-10-09T07:39:35.978Z,2025-10-09T07:39:35.978Z,false
111,TBE001,TONY BULL EXCAVATIONS,THE WILLOWS,MINSHULL LANE,Nantwich,Cheshire,CW5 6EF,7836617721,GBR,GEN,GBP,true,false,true,true,true,Active,,14,2025-10-09T07:39:35.978Z,2025-10-09T07:39:35.978Z,false
112,TRA011,TRANSPORTIFY LIMITED,THE CHARTER BUILDING,SPACES," UXBRIDGE",,UB8 1JG,,GBR,GEN,GBP,true,false,true,true,true,Active,,14,2025-10-09T07:39:35.978Z,2025-10-09T07:39:35.978Z,false
113,TRI001,TRIPAK (SERVICES) LTD,ROAD 3 WINSFORD IND EST,.,Winsford,Cheshire,CW7 3PD,01606 861 707,GBR,GEN,GBP,true,false,true,true,true,Active,,14,2025-10-09T07:39:35.978Z,2025-10-09T07:39:35.978Z,false
114,CRU001,The Crucial Sauce Company,31 DOLLMAN STREET,UNIT 1A AND B,Birmingham,West Midlands,B7 4RP,01213 333233,GBR,GEN,GBP,true,false,true,true,true,Active,,14,2025-10-09T07:39:35.978Z,2025-10-09T07:39:35.978Z,false
115,TIG001,Tiger Trailers Ltd,16 Road One,Winsford Industrial Estate,Winsford,Cheshire,CW7 3RL,01606 339640,GBR,GEN,GBP,true,false,true,true,true,Active,,14,2025-10-09T07:39:35.978Z,2025-10-09T07:39:35.978Z,false
116,UNL001,UNETTE NUTRITION LTD,UNIT 1A,AVRO HOUSE,Nantwich,Cheshire,CW5 6HT,01270 668886,GBR,GEN,GBP,true,false,true,true,true,Active,,14,2025-10-09T07:39:35.978Z,2025-10-09T07:39:35.978Z,false
117,VAL001,VALENTTE LTD,Artis Road,Unit 9 Artis Road,Winsford,Cheshire,CW7 3SE,07375026128,GBR,GEN,GBP,true,false,true,true,true,Active,,14,2025-10-09T07:39:35.978Z,2025-10-09T07:39:35.978Z,false
118,VIN001,VINYL DECALS DIRECT LTD,UNIT 4 ENTERPRISE BUSINESS PARK,LINDEN WAY,Coalville,Leicestershire,LE67 3RL,01530 448705,GBR,GEN,GBP,true,false,true,true,true,Active,,14,2025-10-09T07:39:35.978Z,2025-10-09T07:39:35.978Z,false
119,VIV001,VIVE HEALTH LLC,8955,FONTANA DEL SOL WAY,.,.,34109,239 248 8658,GBR,GEN,GBP,true,false,true,true,true,Active,,14,2025-10-09T07:39:35.978Z,2025-10-09T07:39:35.978Z,false
120,WAR004,WAREHOUSE ONE DISTRIBUTION LTD,ROAD ONE,WINSFORD,Winsford,Cheshire,CW7 3RA,01606 869696,GBR,GEN,GBP,true,false,true,true,true,Active,,14,2025-10-09T07:39:35.978Z,2025-10-09T07:39:35.978Z,false
121,WEE001,WEETWOOD ALES,THE BREWERY,COMMON LANE,Tarporley,Cheshire,CW6 0PY,01829 707940,GBR,GEN,GBP,true,false,true,true,true,Active,,14,2025-10-09T07:39:35.978Z,2025-10-09T07:39:35.978Z,false
122,WIL001,WILDING SNACKS LTD,UNIT 7B BRYDGES COURT,CASTLEDOWN ROAD,Andover,Hampshire,SP11 9FT,7500115635,GBR,GEN,GBP,true,false,true,true,true,Active,,14,2025-10-09T07:39:35.978Z,2025-10-09T07:39:35.978Z,false
123,WIR001,WIRECO LTD,BERISFORD HOUSE,FOUNDRY BANK,Congleton,Cheshire,CW12 1EE,01782 585073,GBR,GEN,GBP,true,false,true,true,true,Active,,14,2025-10-09T07:39:35.978Z,2025-10-09T07:39:35.978Z,false
124,WRE001,WRENBURY CIDER,WRENBURY HOUSE,NANTWICH ROAD,Nantwich,Cheshire,CW5 8EW,0170 781212,GBR,GEN,GBP,true,false,true,true,true,Active,,14,2025-10-09T07:39:35.978Z,2025-10-09T07:39:35.978Z,false
125,YUM001,YUMSH SNACKS LTD,TEN ACRE HOUSE,CORNBROOK,Manchester,Greater Manchester,M16 9HQ,0161 974 7504,GBR,GEN,GBP,true,false,true,true,true,Active,,14,2025-10-09T07:39:35.978Z,2025-10-09T07:39:35.978Z,false